{"1": [[40.73405400028978, -73.99206999861966]], "2": [[40.71580300107709, -74.01019299927328]], "3": [[40.75572799961419, -73.98184899986625]], "7": [[40.792581558114956, -73.95106670661364]], "10": [[40.75296004401078, -73.93301818461539]], "11": [[40.71430605618619, -73.98240940202974]]}